"Time [h]","Measurement [mg/l]"
0.4279,2.063
0.8584999,1.5461
1.8402,1.2006
2.8774,0.9442
3.699,0.8534001
5.0141,0.7352
7.7008,0.5725001
9.6756,0.4908
24.1052,0.1704
28.0553,0.1265
